ID,name,dob
20851884-efb8-4b4b-80e1-f43519af333d,name-2085188,2015-02-19
2085189c-a163-4b1c-b4d3-62edbbd34185,name-2085189,2005-07-27
20851906-6624-41b0-a17d-8a714cdf0e98,name-2085190,2002-01-13
2085191d-a27f-423f-ab19-8f14546b7f4d,name-2085191,2014-03-27
2085192b-0ebb-4689-9f2d-be7673ac4463,name-2085192,2006-10-23
20851932-ad45-473b-a47a-27a4160411a0,name-2085193,2022-07-03
20851949-42bd-45fd-a720-69f8d8bece34,name-2085194,2018-07-17
20851951-7811-410b-a5b7-6817a63f08b0,name-2085195,2004-03-19
20851968-104b-4857-b7a3-fe70367303df,name-2085196,2002-08-30
2085197d-5af6-438b-883a-17e2d0de031c,name-2085197,2018-05-11
20851988-bf29-4cec-8f47-aabb94f192f4,name-2085198,2008-09-09
20851994-cfbd-4acf-ae4d-a9fe7ff912f3,name-2085199,2018-08-18
2085200f-1c24-4a85-92b9-2e83d878c5ac,name-2085200,2005-05-17
2085201f-5455-4a52-bb41-2919e5bc7083,name-2085201,2012-07-20
20852021-49a0-4c61-85e0-8dc09968da67,name-2085202,2020-10-28
2085203a-6510-4647-8e21-5ccbbb66e98d,name-2085203,2010-02-23
20852040-3973-4645-ac84-371dd32b9b91,name-2085204,2023-06-12
20852050-b496-4df4-b220-f11fa39f472f,name-2085205,2018-08-30
2085206e-77d5-4e88-b634-9ceb80c89ae0,name-2085206,2021-04-26
2085207f-7a03-4d2a-bf3d-5c89d985b70d,name-2085207,2011-04-14
20852086-4bf0-4baa-b47f-0078c6181458,name-2085208,2018-06-19
20852097-6672-4063-b54f-9a3af780b34d,name-2085209,2013-09-05
20852103-1ab3-480d-b0a2-d1e2af468e1b,name-2085210,2017-10-18
20852113-62a2-4611-afd3-2b51ea20c00b,name-2085211,2011-07-23
2085212b-0a2d-46de-b20e-11355a5a2e35,name-2085212,2009-10-14
2085213c-efaa-4376-8fe0-6a75273c57f2,name-2085213,2017-09-09
20852147-98dd-4523-8363-a36db06c260a,name-2085214,2015-02-28
2085215b-3aa9-40f0-814a-bd74c30599a6,name-2085215,2014-09-04
20852163-3bb9-40f6-a4e6-687ed86ff3de,name-2085216,2010-02-16
20852177-09de-4c9d-9176-82e4d840fa19,name-2085217,2003-12-27